id;program_name;program_description;program_price
1;Tugrik bypassing;Frozen;89016
2;Principal haptic;Facilitator;71977
3;content-based white;Unbranded Steel Hat portals;48250
4;ubiquitous microchip benchmark;distributed;3540
5;communities compressing;Savings Account;13807
6;User-friendly Bedfordshire French Southern Territories;Corporate;32965
7;Shoes Rapid Awesome;empower interactive Synergistic;34389
8;Handcrafted Rubber Gloves feed Program;Electronics Wooden Tools;30161
9;Iraqi Dinar programming;Gorgeous Metal Towels Future-proofed;48337
10;Sleek Plastic Mouse contextually-based lavender;Yen Rhode Island pricing structure;61506
